userId,movieId,rating
1,1,4
1,3,4
1,6,4
1,47,5
1,50,5
1,70,3
1,101,5
1,110,4
3,31,0.5
4,21,3
4,32,2
4,45,3
4,47,2
4,52,3
4,58,3
4,106,4
5,1,4
5,21,4
5,34,4
5,36,4
5,39,3
5,50,4
5,58,5
5,110,4
6,2,4
6,3,5
6,4,3
6,5,5
6,6,4
6,7,4
6,8,3
6,10,3
6,11,4
6,13,3
6,15,4
6,16,4
6,17,4
6,19,2
6,21,2
6,22,5
6,24,4
6,25,3
6,26,4
6,27,3
6,31,3
6,32,4
6,34,4
6,36,5
6,41,4
6,43,4
6,45,3
6,46,4
6,47,4
6,50,1
6,54,4
6,60,4
6,61,4
6,62,4
6,65,3
6,66,3
6,76,4
6,79,3
6,86,5
6,87,3
6,88,2
6,89,4
6,92,4
6,93,4
6,95,4
6,100,3
6,102,1
6,104,4
6,105,3
6,110,5
6,112,4
7,1,4.5
7,50,4.5
7,58,3
8,2,4
8,10,2
8,11,4
8,21,4
8,32,3
8,34,5
8,39,3
8,47,4
8,50,5
8,110,3
9,41,3
11,6,5
11,10,3
11,36,4
11,44,2
11,95,3
11,110,5
12,39,4
13,47,5
14,4,3
14,7,3
14,19,1
14,25,4
14,32,4
14,39,3
14,47,5
14,95,5
14,105,3
14,110,5
15,1,2.5
15,44,1
15,47,3.5
16,47,3.5
16,50,4
16,111,4.5
17,1,4.5
17,44,3.5
17,47,4
17,50,4.5
17,110,4.5
17,111,4
18,1,3.5
18,2,3
18,6,4
18,16,4.5
18,32,4
18,34,2.5
18,36,4
18,47,4.5
18,50,5
18,70,3.5
18,104,2.5
18,110,4.5
18,111,4
19,1,4
19,2,3
19,3,3
19,7,2
19,10,2
19,12,1
19,13,3
19,15,2
19,19,2
19,32,4
19,34,4
19,44,3
19,47,3
19,48,1
19,54,2
19,64,2
19,65,2
19,70,2
19,87,2
19,92,2
19,102,1
19,104,2
19,107,2
20,2,3
20,8,1
20,13,4
20,34,4
20,48,5
20,107,3.5
21,1,3.5
21,2,3.5
21,10,5
21,19,2.5
21,38,2.5
21,44,1
21,48,3
22,107,4.5
23,6,4
23,29,4
23,32,3.5
23,50,4
23,58,3
24,6,4.5
24,32,3.5
24,50,4
26,10,3
26,34,3
26,47,4
27,1,3
27,2,4
27,34,5
27,48,4
27,60,3
27,62,5
28,6,3.5
28,16,2.5
28,21,3
28,23,1.5
28,31,2.5
28,32,3.5
28,47,3
28,50,3.5
28,62,3.5
28,95,2
28,110,3.5
29,50,3.5
30,110,5
31,1,5
31,5,3
31,7,4
31,10,4
31,17,3
31,25,2
31,62,4
32,1,3
32,3,3
32,6,3
32,7,4
32,21,4
32,24,3
32,25,4
32,26,4
32,32,4
32,36,4
32,39,3
32,50,5
32,52,3
32,58,5
32,62,3
32,74,4
32,78,4
32,95,3
32,100,4
33,1,3
33,7,1
33,11,2
33,17,4
33,21,4
33,25,3
33,28,5
33,32,3
33,34,3
33,36,5
33,39,5
33,43,2
33,50,5
33,58,4
33,94,4
33,110,5
34,10,5
34,70,3.5
34,110,0.5
35,11,4
35,21,5
35,39,3
35,50,5
35,60,5
35,62,5
36,25,2.5
38,11,5
38,17,3
38,21,3
38,39,3
38,48,3
38,50,5
38,62,3
38,105,3
38,110,5
39,32,3
39,47,3
39,50,5
40,1,5
40,17,5
40,19,2
40,21,4
40,26,4
40,31,4
40,34,5
40,44,3
40,46,4
40,48,2
40,60,4
40,62,5
40,82,5
40,104,1
40,107,4
40,110,4
40,111,5
41,47,3.5
41,50,3
41,111,2
42,3,4
42,7,3
42,10,5
42,11,5
42,16,5
42,19,2
42,21,4
42,22,5
42,47,4
42,50,5
42,86,4
42,95,3
42,104,4
42,110,4
43,1,5
43,3,5
43,5,5
43,7,5
43,8,5
43,10,4
43,11,4
43,23,5
43,29,5
43,34,5
43,47,4
43,48,5
43,57,5
43,60,5
43,79,5
43,95,4
43,102,5
43,107,5
43,110,3
44,1,3
44,3,3
44,6,3
44,12,1
44,18,4
44,36,4
44,65,3
44,66,3
44,94,4
44,95,4
44,104,4
44,112,5
45,1,4
45,5,3
45,6,4
45,7,3
45,11,3
45,19,4.5
45,21,4
45,32,4.5
45,39,3
45,50,5
45,62,4
45,65,3
45,69,3
45,70,4
45,88,4
45,104,5
45,107,4
45,110,5
45,112,4
46,1,5
46,10,3
46,32,4
46,39,3
46,50,5
46,110,5
46,111,4
47,31,3
47,47,3
47,62,3
48,48,4
49,110,4
50,1,3
50,32,3
50,111,4
51,2,4.5
51,3,4
51,7,4
51,36,3
51,65,3.5
51,70,5
51,76,5
51,93,3
51,111,5
54,1,3
54,17,3
54,21,3
54,32,3
54,47,3
54,50,3
54,110,3
56,10,4
56,11,4
56,19,5
56,39,4
56,47,5
56,69,4
56,110,4
57,1,5
57,6,3
57,10,3
57,11,3
57,21,3
57,32,4
57,39,3
57,50,5
57,52,3
57,65,1
57,69,4
57,70,1
57,89,2
57,95,3
57,104,2
57,107,3
57,110,4
57,112,4
58,3,3
58,5,4
58,7,5
58,19,1
58,21,4
58,22,3
58,31,4
58,32,5
58,36,4
58,39,5
58,44,2
58,47,5
58,48,3
58,50,5
58,62,3
58,110,5
59,10,3
59,41,5
59,105,4
59,110,2
59,111,5
60,48,3
60,50,3
60,60,3
61,16,4
61,32,4.5
61,50,4.5
62,2,4
62,6,4.5
62,47,4.5
62,110,4.5
63,1,5
63,10,3
63,32,3
63,34,3
63,47,4
63,50,5
63,110,2.5
63,111,3
64,1,4
64,3,3.5
64,6,4.5
64,16,5
64,19,3.5
64,22,3.5
64,25,3.5
64,32,4
64,34,4.5
64,36,4
64,39,4
64,45,3.5
64,47,4.5
64,48,3
64,50,3
64,70,4
64,104,3
64,110,4
64,111,4
64,112,3
66,1,4
66,5,4
66,18,4
66,19,3
66,21,4
66,29,4.5
66,32,5
66,47,5
66,50,4
66,110,5
66,111,4.5
68,1,2.5
68,2,2.5
68,3,2
68,5,2
68,6,4
68,7,2
68,10,4.5
68,11,4.5
68,16,3.5
68,17,3.5
68,18,2
68,19,1.5
68,25,3.5
68,26,3
68,31,3.5
68,34,1
68,39,4
68,44,3
68,47,4
68,48,4
68,50,3
68,62,3.5
68,65,1.5
68,70,4
68,95,3.5
68,104,4.5
68,110,2.5
69,50,5
70,36,5
71,1,5
71,7,3
71,17,1
71,24,2
71,62,4
71,86,5
71,95,4
72,32,4.5
72,47,4.5
72,50,4.5
72,110,4.5
73,1,4.5
74,58,5
74,111,5
75,47,2
76,1,0.5
76,47,3.5
76,48,0.5
76,111,3
78,1,4
78,20,3
78,32,3.5
79,6,4
80,32,4
80,50,4.5
81,10,1
81,32,5
81,47,3
81,110,3
82,1,2.5
82,2,3
82,6,3.5
82,10,3.5
82,34,2
82,47,3.5
82,104,3.5
82,110,4.5
83,110,4
84,4,3
84,5,3
84,6,4
84,7,3
84,10,3
84,11,4
84,14,4
84,17,5
84,21,4
84,25,5
84,31,3
84,34,4
84,36,5
84,45,4
84,46,3
84,50,4
84,52,5
84,55,4
84,57,3
84,62,4
84,94,4
84,95,2
84,100,3
84,102,1
84,105,3
85,53,5
86,1,4
87,60,3
88,16,4.5
88,50,5
88,69,3.5
89,1,3
89,11,2.5
89,88,2
89,104,4
90,1,3
90,7,4
90,14,5
90,17,5
90,25,5
90,32,4
90,36,4
90,52,5
90,58,5
90,68,3
90,81,3
90,82,5
90,85,5
91,1,4
91,2,3
91,3,3
91,6,5
91,10,3.5
91,16,4.5
91,19,2
91,21,4
91,22,3.5
91,25,2
91,29,4
91,32,4
91,36,3
91,39,1.5
91,41,4
91,47,4.5
91,50,4.5
91,58,2
91,88,3
91,92,2
91,95,3
91,104,1.5
91,110,4
91,111,4
91,112,3
92,107,5
93,1,3
93,2,5
93,10,4
93,15,4
93,34,5
93,60,4
93,86,4
93,110,5
94,2,4
94,10,3
94,11,3
94,17,1
94,19,2
94,21,3
94,32,5
94,34,4
94,39,1
94,44,1
94,47,2
94,95,3
94,110,5
95,7,3
95,18,3.5
95,25,5
95,29,5
95,32,4
95,34,4
95,39,4
96,1,5
96,34,5
96,50,5
96,110,5
98,1,4.5
99,10,4
99,22,4
99,23,4
100,3,3.5
100,11,4
100,16,4.5
100,17,4.5
100,19,1
100,28,4.5
100,62,4
100,74,4
100,89,4
100,95,4.5
100,104,3.5
102,3,5
102,6,3
102,21,3
102,23,3
102,39,3
102,47,5
103,1,4
103,2,4
103,5,4
103,16,5
103,18,5
103,19,3.5
103,34,4
103,36,4
103,48,3.5
103,50,4
103,60,4
103,70,3.5
103,101,4
103,104,4
103,107,3.5
103,110,4.5
103,111,4.5
104,2,3
104,10,3
104,31,4
104,39,4
104,47,0.5
104,87,3
104,105,4
104,110,1
105,6,4
105,16,4.5
105,32,3.5
105,47,5
105,50,5
105,110,3.5
105,111,4.5
107,1,4
107,2,5
107,5,4
107,11,5
107,62,5
107,104,3
107,105,4
107,110,5
107,111,4
108,25,4
108,82,5
109,6,3
109,11,4
109,14,4
109,16,4
109,18,3
109,21,3
109,25,5
109,31,3
109,32,4
109,34,3
109,36,5
109,39,3
109,45,3
109,47,3
109,50,4
109,52,3
109,62,5
109,76,3
109,104,2
109,110,5
110,47,4.5
110,110,3.5
110,111,4
111,5,3.5
111,16,4.5
111,24,2.5
111,34,2.5
111,39,4
111,48,3.5
111,65,3.5
111,104,3.5
112,1,3
112,2,1.5
112,6,4.5
112,16,4.5
112,17,0.5
112,19,4
112,21,2
112,25,2.5
112,32,5
112,36,0.5
112,39,0.5
112,47,5
112,50,5
112,62,4
112,95,1.5
112,104,4
112,110,3.5
113,11,3
113,25,1
113,39,3
113,46,3
113,64,2
113,71,1
113,74,3
113,111,4
115,21,4
115,32,5
115,34,2
115,110,3
115,112,2
116,3,3.5
116,47,3.5
117,2,3
117,3,3
117,5,3
117,6,3
117,7,4
117,10,3
117,11,4
117,17,3
117,19,2
117,21,4
117,26,4
117,31,3
117,32,3
117,34,3
117,36,3
117,39,3
117,41,4
117,44,2
117,47,4
117,48,3
117,50,4
117,60,3
117,62,4
117,73,4
117,105,3
117,110,5
118,25,2
119,1,3.5
119,10,4
119,44,3
120,5,4
120,12,3
120,32,3
120,52,3
121,1,4
121,5,3
121,6,5
121,11,4
121,16,5
121,19,2
121,22,3
121,25,4
121,39,4
121,44,1
121,47,3
121,62,5
121,95,3
121,110,4
122,2,4
122,19,3.5
122,32,5
122,47,4.5
122,50,5
122,70,4.5
122,104,4
122,111,5
123,47,4.5
124,1,4
124,50,4.5
124,110,3.5
125,2,4
125,81,3
125,110,4.5
126,34,3
126,47,5
126,110,4
128,110,5
129,47,3.5
129,110,4
130,1,3
130,110,5
131,31,3
131,47,4
131,50,4
131,110,2.5
131,111,4
132,1,2
132,17,3
132,29,2
132,32,3
132,34,1.5
132,39,3
132,45,2.5
132,47,4
132,48,3
132,50,4
132,58,2
132,70,2.5
132,89,2.5
133,32,4
133,47,4
133,50,3
133,110,3
134,1,3
134,47,4
134,48,3
134,110,5
135,1,4
135,2,3
135,21,3
135,32,5
135,47,5
135,65,1
135,110,4
135,112,4
136,10,5
136,15,5
136,16,5
136,19,3
136,23,5
136,34,2
136,44,2
136,47,5
136,62,5
136,93,4
136,95,4
136,110,5
137,1,4
137,110,4
137,111,5
139,19,1
140,1,3
140,2,3.5
140,6,5
140,11,4
140,21,4
140,22,3
140,23,3
140,34,4
140,47,4
140,50,3
140,62,4.5
140,86,4
140,95,2.5
140,104,3
140,105,4
140,110,4
141,1,4
141,19,2
141,47,3
141,104,3.5
141,107,3.5
141,110,3.5
142,34,4
142,36,4
142,47,4
142,50,5
142,95,3
144,1,3.5
144,2,3
144,10,3
144,17,4
144,19,3
144,25,3
144,32,4
144,34,3
144,39,3.5
144,47,4.5
144,48,4.5
144,110,4.5
145,1,5
145,50,5
145,111,4
146,32,5
147,5,4.5
149,2,1
149,32,4
150,3,3
150,5,3
150,6,4
150,7,3
150,25,4
150,32,5
150,36,4
150,52,4
150,58,3
150,62,3
150,79,3
150,95,3
151,1,5
151,3,3
151,9,4
151,12,3
151,62,4
151,75,3
151,92,1
151,95,4
151,102,4
151,104,5
151,107,3
152,47,5
152,50,4.5
152,111,5
153,1,2
153,2,2
155,1,3
156,1,4
156,11,3
156,17,4
156,19,3
156,21,5
156,25,4
156,34,4
156,39,1
156,45,4
156,47,3.5
156,50,4
156,52,3.5
156,58,4
156,62,2
156,68,2
156,111,4
159,1,4.5
159,31,3.5
159,62,3
159,110,3
160,1,4
160,2,4
160,6,2
160,10,1
160,22,1
160,32,5
160,34,5
160,44,3
160,47,5
160,50,4
160,60,2
160,76,4
160,79,1
160,85,5
160,93,1
160,95,1
160,110,4
160,111,5
161,1,4
161,48,4
162,4,3
162,16,5
162,17,5
162,31,4
162,36,5
162,50,4
162,62,5
164,110,5
165,110,4
166,1,5
166,6,3.5
166,10,4.5
166,17,4
166,32,4
166,47,4
166,50,5
167,1,3.5
167,39,2
167,69,2.5
167,104,4
167,110,3.5
168,111,4.5
169,1,4.5
169,2,4
169,3,5
169,5,5
169,7,4.5
169,11,4
169,34,4
169,39,3.5
169,48,3.5
169,60,4
169,62,5
169,73,4
169,104,5
170,5,3
170,10,3
170,34,5
170,48,4
170,95,3
170,110,4
171,1,5
171,25,5
171,29,5
171,32,5
171,36,4
171,47,5
171,81,5
171,111,5
173,10,3
173,17,4
173,110,3
174,10,3
174,11,5
174,32,3
174,34,4
174,39,4
174,50,3
174,62,1
176,10,5
176,39,3
176,47,5
176,110,5
177,1,5
177,2,3.5
177,7,1
177,11,3
177,16,3
177,19,2
177,28,2.5
177,39,4
177,47,4.5
177,48,3
177,50,4
177,60,3
177,104,2.5
177,107,3
178,1,4
178,10,4
178,25,4.5
178,47,4.5
178,50,4.5
178,110,4
179,1,4
179,3,4
179,7,3
179,9,3
179,18,4
179,19,3
179,32,4
179,34,5
179,47,4
179,52,4
179,65,3
179,95,3
179,104,4
179,110,5
179,112,4
181,5,3
181,6,3
181,7,3
181,10,2
181,11,5
181,16,3
181,21,2
181,22,3
181,24,3
181,25,1
181,31,3
181,34,5
181,39,3
181,45,3
181,47,3
181,61,4
181,62,4
181,79,4
181,86,4
181,100,3
181,110,3
182,1,4
182,6,4.5
182,10,3.5
182,14,4
182,16,5
182,17,4
182,18,5
182,21,2.5
182,23,3.5
182,25,4.5
182,26,4
182,29,4
182,32,4
182,36,4.5
182,41,4.5
182,44,1.5
182,45,3
182,47,4
182,50,4.5
182,69,3
182,70,4.5
182,76,3.5
182,81,3.5
182,89,3
182,94,4
182,97,4.5
182,100,3
182,104,3
182,110,3.5
182,111,4.5
182,112,3.5
183,110,5
185,1,4
185,34,2
186,1,4
186,2,4
186,10,4
187,16,4
187,25,3
187,29,4
187,47,4
187,50,4.5
187,70,4
187,97,3
187,110,3
187,111,4.5
188,7,4
191,1,4
191,6,4
191,16,4
191,17,5
191,21,4
191,25,5
191,32,5
191,34,4
191,36,5
191,39,1
191,47,4
191,50,5
191,52,5
191,58,4
191,72,4
191,85,5
191,94,4
191,95,3
191,99,5
191,110,3
191,111,5
192,10,5
192,47,3
192,110,3
193,1,2
194,48,2
195,6,4
195,10,4
195,16,4
195,25,4
195,32,4
195,36,4
195,50,5
195,70,4
195,111,2
196,62,4.5
196,104,3.5
196,110,3.5
197,50,3
198,17,3
198,24,4
198,25,4
198,32,5
198,34,4
198,36,5
198,47,5
198,50,5
198,58,5
198,66,1
198,104,3
198,105,4
198,110,3
199,6,4
199,7,3
199,11,4
199,20,2
199,21,4
199,25,5
199,36,4
199,47,3
199,50,4
199,62,1
199,81,3
199,85,1
199,111,3
200,1,3.5
200,5,4
200,10,4.5
200,19,3.5
200,34,2.5
200,39,5
200,47,4
200,62,3
200,104,4.5
200,110,4.5
201,1,5
201,11,4
201,16,4
201,24,4
201,25,5
201,32,4
201,34,5
201,46,1
202,1,4
202,2,4
202,6,5
202,10,4
202,11,4
202,29,4
202,32,4
202,44,2
202,49,3
202,50,4
202,58,4
202,62,3
202,105,4
202,110,4
203,31,3.5
203,110,5
204,47,5
206,1,5
206,7,4
206,14,4
206,17,5
206,25,5
206,32,3
206,36,5
206,58,5
206,62,4
206,95,3
207,100,3
208,10,2
208,110,4
211,50,4
213,1,3.5
214,1,3
214,17,3
214,25,2
214,62,3
214,66,3
214,83,3
214,104,3
215,50,5
216,1,3
216,21,3
216,34,5
216,39,3
216,48,2
216,104,2
217,1,4
217,2,2
217,3,1
217,6,2
217,9,3
217,10,4
217,12,3
217,19,1
217,20,2
217,22,3
217,34,4
217,38,2
217,44,2
217,45,2
217,47,2
217,50,3
217,60,2
217,65,1
217,87,3
217,89,4
217,95,3
217,110,2
219,1,3.5
219,2,2.5
219,6,3.5
219,10,4.5
219,19,2.5
219,21,3.5
219,32,3.5
219,44,1.5
219,47,3.5
219,50,5
219,65,1
219,95,1.5
219,104,3.5
219,112,3.5
220,1,5
220,6,3.5
220,10,4
220,32,4.5
220,34,4.5
220,47,3
220,50,5
221,2,3.5
221,29,4.5
221,32,5
221,50,4.5
221,58,4.5
221,101,4.5
221,104,2.5
221,111,5
222,2,2.5
222,19,3.5
222,32,3
222,47,4
222,50,3
222,110,4
223,1,3.5
223,34,1
223,47,3
223,110,3.5
224,39,5
225,69,5
225,104,5
226,1,3.5
226,2,3
226,3,3.5
226,10,4
226,16,4.5
226,19,3.5
226,22,2
226,32,4
226,39,3
226,44,3.5
226,47,5
226,48,3
226,60,2.5
226,63,3.5
226,65,3
226,69,4
226,88,3
226,104,5
226,105,2.5
226,112,4
227,17,3.5
227,32,4.5
227,47,5
227,110,3.5
228,50,4.5
228,65,2
229,1,5
229,5,3
229,10,4
229,19,3
229,21,4
229,34,5
229,36,4
229,45,3
229,110,5
230,2,2.5
230,34,2
230,39,3
230,47,3
232,1,3.5
232,2,4
232,10,3
232,39,3
232,47,4.5
232,48,2.5
232,104,3.5
232,110,4.5
233,1,3
233,47,3.5
233,50,4
233,110,3
234,1,5
234,24,5
234,34,3
234,42,4
234,48,5
234,60,4
234,65,3
235,10,2
235,11,4
235,21,4
235,25,5
235,32,4
235,34,4
235,36,4
235,39,3
235,48,3
235,62,5
235,110,4
237,32,5
237,50,2.5
239,1,4
239,6,5
239,11,5
239,16,4.5
239,20,3.5
239,21,4
239,23,3.5
239,32,5
239,47,5
239,50,4.5
239,95,3.5
239,104,3.5
239,110,4.5
240,1,5
240,2,5
240,3,4
240,10,3
240,16,3
240,19,5
240,31,4
240,34,5
240,39,5
240,44,4
240,46,3
240,48,3
240,60,4
240,95,5
240,104,5
240,110,5
241,47,4
241,50,4
242,21,3
242,32,5
242,39,3
242,47,5
242,111,4
243,10,5
243,36,4
243,44,4
243,48,4
243,62,5
243,112,5
244,6,5
244,10,5
244,110,5
246,17,5
246,28,4.5
246,29,5
246,50,4.5
247,1,5
247,32,3
247,47,4
247,50,5
247,110,4
248,10,3.5
249,1,4
249,2,4
249,19,3.5
249,20,3.5
249,32,5
249,47,5
249,48,3
249,50,4
249,70,4
249,89,3.5
249,101,3
249,104,3.5
249,110,5
249,111,4.5
250,45,4
251,47,5
251,111,4.5
252,1,4.5
253,29,4.5
254,1,4.5
254,32,4.5
254,47,4.5
254,50,4.5
254,79,2
254,110,4
255,34,1
256,18,5
257,7,1
257,16,3.5
257,112,3.5
259,2,2
259,32,5
260,29,4
260,47,4.5
260,50,5
260,101,2
260,111,5
261,16,4
261,47,4
261,50,4
262,4,1
262,7,3
262,10,2
262,17,3
262,21,3
262,25,3
262,26,3
262,28,5
262,36,5
262,48,1
262,50,3
262,57,3
262,85,3
263,1,4
263,11,4
263,17,5
263,24,3
263,34,4
263,36,4
263,39,4
263,110,4
264,1,4
264,32,1
264,48,3
264,110,2.5
265,25,1
265,32,4
265,36,4
265,79,2
265,110,3
265,111,3
266,1,2
266,6,4
266,16,5
266,17,1
266,21,4
266,24,1
266,32,4
266,39,2
266,45,2
266,50,4
266,64,1
266,69,5
266,95,3
266,110,5
267,29,4
267,58,5
267,110,4
268,29,5
268,41,4
268,46,1
268,47,3
268,50,5
269,1,5
269,3,4
269,5,3
269,6,5
269,9,2
269,25,5
269,32,4
269,63,3
269,74,5
269,76,2
269,79,4
269,81,3
269,95,3
270,1,5
270,3,3
270,5,3
270,6,3
270,7,3
270,9,3
270,14,5
270,17,4
270,25,4
270,32,4
270,36,5
270,52,4
270,58,4
270,62,5
270,79,2
270,95,2
270,104,1
270,112,3
271,32,4
273,1,5
273,12,1
273,21,5
273,32,5
273,34,4
273,111,4
274,1,4
274,2,3.5
274,6,4
274,8,3
274,10,4
274,12,3.5
274,16,4.5
274,19,4
274,20,3.5
274,22,3.5
274,23,3.5
274,24,3.5
274,29,4
274,32,4
274,34,4
274,44,4
274,47,4
274,48,2
274,50,4
274,60,3.5
274,62,3
274,65,3
274,69,4
274,70,4.5
274,86,3.5
274,87,3
274,88,3.5
274,93,3.5
274,95,2.5
274,101,3.5
274,104,3.5
274,110,4.5
274,111,3
275,1,5
275,17,5
275,21,5
275,25,3
275,32,5
275,34,5
275,39,4
275,45,2
275,50,4
275,101,5
275,111,3
276,1,4
276,2,4
276,5,3
276,7,4
276,12,4
276,19,4
276,62,5
276,88,5
276,104,5
277,1,4
277,32,5
277,62,2
277,65,3
277,95,3
277,104,4
277,112,3
278,50,5
279,1,3
279,50,3.5
279,104,3.5
279,110,4
280,1,4.5
280,7,4.5
280,19,3
280,27,4.5
280,39,4
280,50,4.5
280,104,3
282,1,4.5
282,6,4
282,10,3.5
282,16,4
282,25,4
282,31,4.5
282,32,4
282,50,4.5
282,111,4
283,1,3
283,39,1
283,63,3
283,69,4
283,70,3
283,104,4
283,110,5
284,2,4
284,10,4
284,15,4
284,19,4
284,20,1
284,21,3
284,32,5
284,39,3
284,44,3
284,47,3
284,95,5
284,104,5
284,110,5
284,112,4
285,111,5
286,6,4.5
286,7,3.5
286,39,3.5
286,47,5
286,70,3
286,110,5
287,16,2
287,29,4.5
287,48,1
287,50,3.5
287,62,2
287,101,4
287,110,1.5
288,1,4.5
288,2,2
288,3,4
288,5,2
288,10,3
288,12,2
288,13,2
288,17,3.5
288,21,4
288,32,5
288,34,4
288,43,3
288,47,3.5
288,48,2
288,73,3
288,87,3
288,95,1
288,110,5
288,111,3.5
289,3,2.5
289,16,4.5
290,1,4
290,11,4
290,24,3
290,25,4
290,34,4
290,36,4
290,50,4
290,111,5
291,1,4
292,1,4
292,10,3.5
292,19,1.5
292,32,2
292,34,3.5
292,62,3
292,110,2.5
292,111,2
293,1,3
294,2,3
294,3,1
294,6,3
294,10,3
294,12,1
294,19,2
294,21,3
294,39,2
294,44,3
294,47,2
294,50,3
294,60,1
294,65,3
294,69,4
294,70,4
294,107,3
295,18,3.5
295,29,5
295,50,5
295,70,5
296,50,5
296,110,5
297,6,5
297,22,2
297,47,4
297,50,5
297,70,2
297,79,1
297,95,1
297,100,1
297,111,3
298,1,2
298,2,0.5
298,16,4
298,32,4
298,47,4
298,50,3.5
298,104,3.5
298,110,3
298,111,3
299,2,3
301,10,4
301,17,4
301,21,4
301,36,4.5
301,47,4.5
301,50,4.5
301,110,1.5
302,3,3
302,14,4
302,17,5
302,21,4
302,25,5
302,32,3
302,36,4
302,47,5
302,58,5
302,95,3
302,110,4
303,16,2.5
303,32,3.5
304,1,5
304,2,4
304,7,4
304,10,4
304,11,5
304,13,4
304,17,3
304,21,4
304,32,4
304,36,1
304,46,5
304,58,4
304,60,1
304,62,5
304,73,4
304,81,4
304,86,5
304,105,3
304,110,5
304,112,1
305,2,3.5
305,6,3.5
305,16,4.5
305,25,3
305,32,5
305,34,3
305,47,4
305,50,5
305,70,5
307,1,4
307,2,2.5
307,3,3.5
307,10,2.5
307,16,4.5
307,18,3
307,19,4
307,21,2.5
307,22,2
307,24,2
307,27,2.5
307,31,1.5
307,32,3.5
307,39,2
307,47,4
307,50,4.5
307,62,3
307,65,2.5
307,70,3.5
307,72,2
307,88,3.5
307,94,3.5
307,101,4.5
307,104,3
307,110,3.5
307,111,3.5
308,2,3
308,3,0.5
308,6,1
308,19,1
308,21,1
308,25,1
308,36,1
308,39,3
308,48,4
308,50,2.5
308,110,1
309,50,4.5
310,16,1
310,58,4.5
310,104,2
311,16,2.5
311,40,3.5
312,6,4
312,16,4
312,32,4
312,110,4
312,111,5
313,6,3
313,10,4
313,29,4
313,32,4
313,39,4
313,47,5
313,50,5
313,70,4
313,76,1
313,101,5
314,1,3
314,6,3
314,7,4
314,10,3
314,11,5
314,15,2
314,17,4
314,21,3
314,22,3
314,23,3
314,26,4
314,31,3
314,32,3
314,39,3
314,41,3
314,44,3
314,47,1
314,50,4
314,52,3
314,60,3
314,62,4
314,95,2
314,100,3
314,107,3
314,110,4
316,45,4.5
316,48,1.5
317,6,5
317,16,5
317,32,4
317,47,5
317,50,5
317,97,3
317,110,5
317,111,5
318,2,3.5
318,6,4
318,18,3
318,19,3.5
318,29,3.5
318,32,4.5
318,47,4
318,48,3.5
318,72,4.5
318,97,4.5
319,110,4.5
321,2,5
321,3,3
321,5,3
321,19,3
321,21,3
321,24,4
322,1,3.5
322,2,3
322,10,4
322,11,4
322,47,4
322,50,4
322,110,3.5
323,1,3.5
323,2,4
323,17,3.5
323,19,2.5
323,22,3
323,29,3.5
323,32,2.5
323,34,2.5
323,36,3.5
323,48,3.5
323,50,4.5
323,60,3
323,62,2.5
323,105,3
323,110,2
325,6,4
325,19,2
325,22,3
325,29,4
325,30,4
325,32,4
325,58,4
325,80,4
325,104,2
325,111,5
326,20,3.5
326,47,4
326,50,2
326,97,3.5
326,110,5
327,50,4.5
327,104,5
328,1,5
328,13,3
328,34,5
328,39,2
328,47,4.5
328,50,4
328,110,1
328,111,2
329,50,2
330,1,4
330,2,1.5
330,3,3
330,16,3.5
330,25,4.5
330,29,3
330,32,5
330,34,3
330,47,3
330,50,5
330,58,5
330,62,3
330,104,0.5
330,110,3.5
330,111,3.5
331,10,3
331,34,2
331,50,5
332,1,4
332,16,3.5
332,32,2.5
332,47,4
332,50,4
332,110,3.5
332,111,4
334,1,3.5
334,10,3.5
334,47,2
334,104,3.5
335,50,5
335,110,4
336,1,4
336,6,4
336,47,4.5
336,50,5
336,70,4
336,110,4
337,1,4
337,3,4
337,5,4
337,6,5
337,7,3
337,9,5
337,12,3
337,14,3
337,16,4
337,17,4
337,24,5
337,25,4
337,27,5
337,31,5
337,32,4
337,36,4
337,41,3
337,47,5
337,50,3
337,62,3
337,65,3
337,66,4
337,74,5
337,76,5
337,79,4
337,95,5
337,100,3
337,104,5
337,107,3
337,110,5
337,112,3
338,50,4.5
339,1,4
339,6,4
339,16,4.5
339,32,3
339,47,4.5
339,111,4
340,10,4
340,110,5
341,1,5
342,24,3
343,50,4.5
344,110,4.5
345,11,2.5
345,32,3.5
346,17,4
346,47,3.5
346,50,4
346,111,4
347,1,5
347,2,3
347,10,4
347,11,4
347,19,4
347,32,3
347,34,4
347,39,4
347,47,3
347,110,3
348,50,5
348,111,5
349,10,4
349,34,5
349,105,5
350,1,4
350,7,3
350,12,3
350,17,2
350,32,4
350,65,3
350,95,3
350,112,3
351,12,5
351,47,4.5
352,47,5
352,50,5
353,1,5
353,2,4
353,5,3
353,6,4
353,9,3
353,10,3
353,11,4
353,19,4
353,22,5
353,25,4
353,32,5
353,34,5
353,39,1
353,47,5
353,69,3
353,70,4
353,110,3
353,112,5
354,10,3.5
354,32,4
354,34,3.5
354,44,3.5
354,47,4
354,50,4.5
354,70,4.5
354,111,4
355,60,3
356,21,3.5
356,50,3.5
356,62,4.5
356,101,3.5
356,104,3
357,1,5
357,2,3
357,11,3.5
357,16,3.5
357,17,5
357,19,2
357,34,4
357,36,3.5
357,39,4.5
357,50,5
357,62,3
357,107,3
357,110,4
357,111,3.5
359,1,4
359,2,3.5
359,34,2.5
359,58,4.5
361,10,3.5
361,70,2
362,6,4
362,16,4
362,31,4
362,47,4.5
362,50,3.5
362,70,4
362,110,4
362,111,5
363,50,4
363,95,3
364,1,5
364,9,3
364,32,3
364,95,5
365,104,3.5
366,110,4
367,1,5
367,34,3
367,39,4
368,3,3
368,6,4
368,10,3
368,16,4
368,21,3
368,22,3
368,42,2
368,47,4
368,50,4
368,70,3
368,79,2
368,81,3
368,95,2
368,110,4
368,111,3
369,19,4
369,47,3.5
370,39,3.5
370,47,3.5
370,50,4.5
370,112,3.5
371,48,4.5
372,1,3
372,6,5
372,8,2
372,10,3
372,11,4
372,14,4
372,16,4
372,21,3
372,25,4
372,31,2
372,32,4
372,34,4
372,36,3
372,39,3
372,41,4
372,47,5
372,48,2
372,50,5
372,52,4
372,62,3
372,70,3
372,71,2
372,81,2
372,110,4
372,111,3
372,112,2
373,1,3
373,2,3
373,6,5
373,11,2
373,16,4
373,19,1
373,21,1
373,22,3
373,25,5
373,32,4
373,34,4
373,44,1
373,47,5
373,50,5
373,60,3
373,95,2
373,110,4
373,111,5
374,110,5
375,32,5
376,10,4.5
376,19,2
376,32,5
376,95,3.5
376,110,3.5
377,19,2
377,32,4.5
377,34,4
378,1,4.5
378,36,4
379,19,2
379,21,2
379,34,5
379,47,3
379,110,5
380,1,5
380,2,5
380,6,5
380,10,5
380,12,4
380,16,3
380,18,4
380,19,5
380,21,2
380,32,5
380,34,4
380,44,4
380,47,5
380,48,3
380,50,4
380,60,4
380,70,5
380,76,3
380,95,3
380,104,3
380,107,5
380,110,4
381,1,3.5
381,2,4
381,19,2.5
381,32,3.5
381,34,3.5
381,47,2
381,48,3
381,50,4.5
381,62,4.5
381,104,3.5
382,1,4.5
382,50,5
384,60,4
385,1,4
385,6,3
385,10,3
385,14,3
385,16,3
385,21,5
385,25,3
385,32,4
385,45,3
385,50,3
385,62,3
385,68,3
385,85,3
385,94,4
385,95,3
385,112,3
386,6,3
386,10,3
386,16,4
386,20,2
386,21,4
386,22,3
386,25,2
386,32,3
386,34,4
386,39,3
386,44,2
386,45,3
386,47,3
386,50,3
386,110,3
386,112,4
387,10,3.5
387,11,2.5
387,29,3.5
387,31,2.5
387,32,3.5
387,39,2.5
387,44,1
387,45,2.5
387,47,4.5
387,50,4.5
387,63,2
387,70,3.5
387,71,1.5
387,97,4.5
387,104,2
387,110,3.5
387,111,4.5
389,1,5
389,5,4
389,6,5
389,9,3
389,17,4
389,25,4
389,32,4
389,62,5
389,65,4
389,95,4
389,104,4
389,112,3
390,110,4
391,1,3
391,6,4
391,10,3
391,25,5
391,29,5
391,32,4
391,34,3
391,47,3
391,50,4
391,58,4
391,70,1
391,110,5
391,111,5
393,110,4
394,34,3
394,50,5
394,110,5
395,2,3
395,10,3
395,34,3
395,48,2
395,60,3
395,95,3
395,110,4
396,1,5
396,44,2
396,45,3
396,50,4
398,32,5
399,1,4
399,110,3
400,6,5
400,47,5
400,50,5
401,1,3.5
401,48,2
402,5,3
402,9,3
402,25,3
402,36,3
402,47,3
402,52,3
402,61,5
402,95,4
402,112,4
403,47,5
403,110,5
404,11,4
404,17,4
404,21,3
404,34,4
404,36,3
404,47,3
404,62,4
404,105,3
404,110,4
405,16,4
405,25,4
405,32,4.5
405,70,4
405,110,4
405,111,4.5
408,10,4.5
408,19,3.5
408,44,3.5
409,39,4
409,111,5
410,3,4
410,11,3
410,21,3
410,52,4
410,58,4
410,111,3
411,1,5
411,2,4
411,4,2
411,7,3
411,10,3
411,11,4
411,21,4
411,22,3
411,31,4
411,34,4
411,46,2
411,47,4
411,50,3
411,52,2
411,62,5
411,105,3
411,110,4
411,111,4
412,1,2
412,17,5
412,34,5
412,47,3
413,16,5
414,1,4
414,2,3
414,3,4
414,5,2
414,6,3
414,7,3
414,8,3
414,10,3
414,11,5
414,15,2
414,16,3
414,17,4
414,18,3
414,21,4
414,22,3
414,23,2
414,24,3
414,25,3
414,27,2
414,31,3
414,32,5
414,34,5
414,36,3
414,39,4
414,42,2
414,44,2
414,45,3
414,46,2
414,47,4
414,48,3
414,50,5
414,52,3
414,54,1
414,57,3
414,62,4
414,65,2
414,71,2
414,72,4
414,75,1
414,78,3
414,81,2
414,86,3
414,88,2
414,89,3
414,92,2
414,94,5
414,95,2
414,101,4
414,104,4
414,107,3
414,110,5
414,111,5
414,112,3
415,47,4
415,50,4.5
415,111,4.5
417,47,5
418,50,4.5
418,111,4.5
419,10,3.5
419,47,4
419,50,4
419,104,4
419,110,4
419,111,4
420,1,4
420,32,3.5
420,73,4
421,73,4
422,1,4
423,104,3
423,110,4
424,32,3.5
424,47,5
424,50,5
424,111,4
425,2,3
425,6,4
425,10,3
425,32,4
425,34,3.5
425,36,3
425,47,4.5
425,50,4.5
425,58,3.5
425,70,4
425,95,2.5
425,105,3
425,110,4
426,2,4.5
426,31,5
426,47,0.5
427,16,4
427,58,2
427,110,4
428,9,2
428,19,1
428,22,2.5
428,44,2
428,69,3.5
428,70,3
428,95,2
428,104,3
428,110,2.5
429,22,4
429,48,4
429,60,4
430,34,3
432,1,2.5
432,2,4
432,19,2
432,25,4.5
432,36,3.5
432,47,4
432,50,3
432,110,4
433,47,3
433,50,5
433,110,3
434,1,4
434,2,2.5
434,6,4
434,10,3.5
434,32,3.5
434,34,3.5
434,39,3
434,47,4
434,95,2
434,110,4.5
434,111,5
434,112,2.5
435,48,4
435,50,4
436,1,4
436,2,4
436,8,3
436,34,5
436,48,4
436,60,3
437,5,2
437,6,5
437,9,3
437,14,3
437,16,5
437,17,4
437,25,4
437,31,4
437,32,4
437,36,4
437,43,3
437,47,4
437,50,4
437,52,4
437,62,3
437,78,3
437,79,2
437,81,3
437,86,3
437,95,1
437,110,4
437,112,3
438,1,4.5
438,6,5
438,10,4
438,11,4
438,19,3
438,21,3.5
438,32,4
438,44,3
438,62,4
438,70,3
438,71,2
438,95,3.5
438,104,4
438,110,4.5
438,112,3.5
439,110,3.5
440,29,4.5
441,10,4.5
441,47,4.5
441,104,3.5
443,1,4
443,110,4.5
444,6,4
444,16,4
444,21,4
444,47,4
444,50,5
444,58,5
444,97,5
444,100,3
444,110,4
444,111,5
445,17,3.5
445,32,5
445,47,4.5
445,110,5
445,111,3
446,2,3
446,10,3
446,11,4
446,16,3
446,17,5
446,21,3
446,25,3
446,32,4
446,34,5
446,39,3
446,45,3
446,47,4
446,50,4
446,95,4
447,2,5
447,10,3
447,31,4
447,44,5
447,48,3
447,110,5
448,1,5
448,2,3
448,3,3
448,5,3
448,10,4
448,12,2
448,16,5
448,19,2
448,20,3
448,21,2
448,32,2
448,38,3
448,47,4
448,50,4
448,65,1
448,66,2
448,95,2
448,101,3.5
448,104,3
448,107,4
449,32,4
449,50,4.5
450,70,2
450,110,5
450,111,4
451,1,5
451,5,3
451,6,4
451,7,3
451,17,5
451,25,5
451,32,5
451,94,4
451,95,4
451,112,5
452,10,4
452,44,4
452,47,5
452,69,5
452,70,4
452,110,5
453,1,5
453,10,2
453,16,3
453,21,3
453,32,5
453,34,4
453,47,5
453,50,5
453,70,4
453,104,4
453,110,5
453,112,5
454,82,3.5
454,101,3
454,111,3.5
455,11,4
455,34,4
455,50,3
455,62,4
455,110,4
455,111,3
456,1,5
456,3,3
456,5,3
456,9,4
456,32,3
456,64,3
456,65,2
456,74,4
456,79,2
456,104,3
457,34,2
457,110,5
458,2,4
458,5,3
458,10,4
458,21,5
458,27,5
458,39,4
458,48,3
458,62,5
458,95,5
458,110,5
460,1,4.5
462,1,1.5
462,10,3
462,16,3.5
462,21,4
462,25,3
462,32,3.5
462,36,3.5
462,47,4
462,50,3.5
462,52,3
462,111,5
463,110,4.5
464,9,2.5
464,16,4.5
464,20,4
464,23,3
464,25,4
464,31,4
464,32,3.5
464,47,5
464,110,5
465,95,3
465,111,5
467,41,4
467,58,5
468,1,4
468,32,4
468,39,5
468,47,5
468,110,4
468,111,3
469,1,4
469,6,3
469,10,2
469,11,3
469,29,4
469,32,5
469,36,3
469,39,2
469,44,1
469,45,4
469,47,4
469,50,4
469,70,2
469,89,4
469,110,5
469,111,5
469,112,3
470,1,4
470,2,3
470,3,3
470,5,3
470,6,3
470,7,3
470,10,3
470,14,4
470,19,3
470,21,3
470,26,3
470,32,3
470,34,4
470,36,4
470,39,3
470,41,3
470,43,3
470,47,3
470,50,3
470,62,3
470,95,3
470,110,5
471,1,5
472,50,5
473,60,2
474,1,4
474,2,3
474,5,1.5
474,6,3
474,7,3
474,11,2.5
474,14,3
474,16,4
474,17,5
474,21,4
474,22,3
474,24,3
474,25,3.5
474,26,3.5
474,27,2
474,28,4.5
474,29,3.5
474,31,3
474,32,4
474,34,4.5
474,36,5
474,38,1
474,39,3.5
474,41,3.5
474,43,3.5
474,45,4
474,46,3
474,47,4
474,50,4
474,52,4
474,57,3
474,58,3.5
474,62,2.5
474,74,3
474,82,2.5
474,92,3.5
474,96,3.5
474,100,2
474,101,3.5
474,104,2
474,107,3
474,110,3
474,111,4
475,2,4.5
475,19,4
476,1,4
476,2,4
476,10,3
476,11,3
476,13,3
476,32,4
476,34,4
476,45,3
476,48,4
476,73,4
477,1,4
477,2,4
477,3,3
477,19,3
477,24,4
477,32,4.5
477,34,4
477,47,4
477,66,0.5
477,76,4
477,104,4
477,107,3
478,104,2
479,24,3
479,31,3
479,45,3
479,82,5
479,110,2
480,1,3
480,2,3
480,3,2.5
480,6,4
480,10,4
480,16,4
480,19,1.5
480,21,2.5
480,32,4
480,34,4
480,39,2.5
480,47,4.5
480,50,3.5
480,60,2
480,62,3.5
480,69,2
480,95,1
480,101,5
480,104,3
480,110,5
480,111,4.5
482,2,4.5
482,16,2
482,50,4
482,62,5
483,1,4
483,2,4
483,5,2.5
483,10,2
483,16,4
483,18,4
483,19,3.5
483,23,3
483,24,2.5
483,26,4
483,29,5
483,31,2
483,32,5
483,47,3.5
483,48,3
483,50,4.5
483,81,3.5
483,110,4
484,1,4.5
484,2,2.5
484,39,4.5
484,47,4
484,48,4.5
484,63,4
484,69,4.5
484,72,4
484,104,4
485,10,4
485,110,3
486,6,5
486,10,4
486,21,4
486,32,5
486,39,3
486,44,4
486,47,3
486,86,5
486,95,3
486,110,5
486,112,5
488,1,4.5
488,17,5
488,26,2.5
488,34,3
488,36,4.5
488,73,2.5
488,105,3
489,2,2.5
489,5,2
489,7,4
489,10,2.5
489,11,1.5
489,17,4.5
489,18,2
489,19,2
489,21,2.5
489,22,3.5
489,32,3.5
489,34,2
489,39,3.5
489,46,3.5
489,47,3
489,48,4
489,70,2
489,95,1.5
489,105,4.5
489,110,4.5
489,111,3
490,1,3.5
490,5,0.5
491,104,2.5
492,1,4
492,3,4
492,5,3
492,6,3
492,7,3
492,9,5
492,12,3
492,14,3
492,32,3
492,36,4
492,52,3
492,61,4
492,62,4
492,63,3
492,64,3
492,65,5
492,66,3
492,74,4
492,75,3
492,76,5
492,79,4
492,88,5
492,95,3
492,100,3
492,103,3
492,104,4
492,112,5
493,6,4
493,110,5
494,110,5
495,19,4.5
495,50,4
495,104,4.5
497,2,2.5
497,19,4
497,50,3
497,111,5
498,7,4
498,10,3
498,34,3
498,47,3
498,62,5
498,104,5
498,110,5
500,1,4
500,11,1
500,39,1
500,101,1
500,104,4
501,2,3
501,3,5
501,5,3
501,6,3
501,7,4
501,8,3
501,10,4
501,11,3
501,15,1
501,16,3
501,17,3
501,18,5
501,20,1
501,21,3
501,25,2
501,27,3
501,32,3
501,36,3
501,45,3
501,50,3
501,61,3
501,62,3
501,73,2
501,86,3
501,93,3
501,95,4
501,103,3
501,112,3
502,45,3.5
504,1,4
504,22,3.5
505,47,5
506,27,3
506,39,5
507,34,5
507,39,3
507,47,3
507,110,3
508,107,2
509,1,4
509,5,1.5
509,13,3
509,17,3
509,19,4
509,28,3.5
509,32,4
509,34,3.5
509,39,4
509,48,3.5
510,7,1
510,16,1
510,50,4
510,101,4
510,104,3
512,2,3
512,32,5
512,39,4
512,47,5
512,50,5
512,110,5
513,7,3
513,32,4
513,110,4
514,1,4
514,11,4
514,16,3.5
514,22,3
514,34,4
514,44,2.5
514,47,4
514,62,4
515,50,4.5
517,1,4
517,2,3
517,10,0.5
517,17,0.5
517,34,5
517,47,2
517,107,1
517,110,1.5
518,24,2.5
518,31,1
520,10,4
520,19,1
520,32,3.5
521,5,3
521,6,4
521,7,3
521,14,4
521,18,4
521,25,5
521,29,3
521,32,3
521,36,4
521,43,4
521,52,4
521,58,4
521,79,4
521,81,3
521,86,4
521,95,3
521,103,3
521,104,3
521,112,3
522,1,3
522,10,4.5
522,50,4.5
522,62,3
522,110,4
523,2,4.5
524,1,4
524,6,4
524,10,4
524,12,1
524,19,3
524,20,2
524,21,3
524,23,2
524,25,3
524,32,3
524,47,5
524,50,2
524,76,2
524,86,3
524,95,4
524,110,3
524,112,3
525,1,4
525,2,3.5
525,34,3
525,39,4.5
525,47,3.5
525,48,3
525,50,4.5
525,62,3.5
525,107,3.5
527,2,4
527,30,1
527,34,5
527,48,3
528,1,2.5
528,110,5
529,1,3
529,7,2
529,32,5
529,62,3
529,65,1
529,95,4
529,104,3
530,11,4
531,10,4
532,6,5
532,110,5
532,111,4
533,1,5
534,1,4
534,2,4.5
534,10,4
534,19,4
534,31,3.5
534,34,4
534,44,4
534,47,4
534,48,4
534,104,4
536,45,5
536,110,5
539,65,4.5
539,88,3.5
540,47,4.5
541,1,3
541,7,4
541,10,4
541,11,4
541,15,3
541,19,2
541,22,4
541,47,1
541,50,5
541,95,3
541,110,5
542,47,5
544,1,3
544,3,3
544,14,3
544,32,3
544,40,5
544,62,5
544,68,5
544,95,4
545,44,2.5
546,70,5
546,104,4
548,69,5
549,110,3
550,1,4
551,47,4.5
551,110,3.5
552,3,1
552,19,3.5
552,25,3
552,95,1.5
552,104,3
553,6,5
553,16,5
553,32,5
553,42,4
553,50,4
555,1,4
555,3,5
555,19,3
555,21,4
555,24,5
555,29,4
555,32,4
555,39,4
555,50,5
555,65,3
555,72,3
555,75,3
555,88,4
555,104,5
555,110,5
557,10,4.5
558,94,3
559,1,5
559,2,4
559,6,5
559,10,3
559,15,3
559,19,2
559,32,3
559,34,5
559,36,4
559,39,3
559,48,3
559,58,4
559,66,3
559,76,3
559,95,4
559,104,3
559,107,3
559,110,4
559,112,3
560,1,3
560,32,3.5
560,34,2.5
560,47,4
560,48,2.5
560,50,4
560,70,4
560,97,4
560,110,4
561,1,4
561,2,4
561,5,3
561,6,4
561,31,2.5
561,32,3.5
561,34,2.5
561,39,3
561,44,2
561,47,4.5
561,50,4.5
561,110,5
562,1,4.5
562,50,4
562,110,4
563,2,2.5
563,34,2
563,48,3.5
564,39,3.5
564,104,3
565,19,3
565,21,3
565,32,5
565,34,4
565,47,4
565,50,5
566,2,4
566,7,4
566,10,3
566,11,5
566,17,5
566,21,4
566,25,2
566,32,4
566,39,4
566,50,5
566,57,3
566,110,5
567,1,3.5
567,34,2.5
567,50,1
567,101,3
568,50,5
569,10,4
569,50,3
570,1,4
570,2,3.5
570,10,3.5
570,11,3.5
570,25,4
570,32,4
570,34,3.5
570,39,3
570,47,3.5
570,95,2.5
570,110,3.5
570,111,3
571,12,1
571,70,2
572,1,4
572,17,5
572,21,5
572,62,4
572,111,4
573,1,5
573,2,4.5
573,6,4.5
573,10,4.5
573,47,5
573,50,5
573,104,5
573,110,5
574,47,5
574,110,5
576,29,3.5
577,6,4
577,39,3
577,88,3
577,110,4
579,1,4
579,11,3
579,17,5
579,34,3
579,48,4
579,110,5
580,1,3
580,6,4
580,10,3.5
580,16,4.5
580,22,4
580,25,4
580,32,5
580,34,2.5
580,47,5
580,50,5
580,62,2
580,70,5
580,110,4.5
580,111,4
583,39,5
583,104,3
584,1,5
584,10,5
584,19,3
584,22,4
584,34,3
584,39,1
584,47,5
584,48,5
584,60,5
584,110,5
585,16,5
585,88,4
585,111,4.5
586,2,4
586,110,5
587,1,5
587,11,4
587,21,4
587,32,5
587,50,5
587,58,5
588,3,3
588,6,5
588,10,3
588,16,4
588,20,2
588,21,3
588,22,3
588,25,3
588,36,2
588,42,3
588,47,3
588,50,5
588,110,5
589,25,5
589,36,5
589,111,5
590,1,4
590,2,2.5
590,3,3
590,5,2
590,6,3.5
590,10,3.5
590,11,3
590,17,3.5
590,19,2
590,32,3
590,36,3.5
590,47,3
590,50,4.5
590,104,3.5
590,110,4
590,111,4
591,24,2
592,2,4
592,6,3
592,10,3
592,15,4
592,19,4
592,21,3
592,24,4
592,39,4
592,44,3
592,93,3
592,95,3
592,110,5
592,112,3
593,34,4
593,41,4
593,50,4.5
593,110,3
594,2,4
594,3,4
594,11,5
594,17,4
594,28,4.5
594,39,4.5
594,46,4.5
594,48,4.5
594,70,3.5
594,110,5
595,50,5
596,1,4
596,32,3.5
596,34,4
596,39,4
596,50,3.5
597,1,4
597,6,3
597,7,1
597,10,3
597,11,3
597,17,3
597,21,5
597,34,4
597,39,4
597,42,3
597,45,5
597,47,4
597,50,5
597,52,4
597,69,4
597,70,2
597,101,5
597,104,5
597,110,5
599,1,3
599,2,2.5
599,3,1.5
599,6,4.5
599,7,2.5
599,9,1.5
599,10,3.5
599,11,2.5
599,12,1.5
599,15,1.5
599,16,3
599,17,3.5
599,18,3
599,19,3
599,20,1.5
599,21,4
599,23,1
599,24,2.5
599,26,2.5
599,29,3.5
599,31,2
599,32,3
599,39,3
599,41,2.5
599,42,3
599,43,3
599,44,2.5
599,45,2.5
599,47,4
599,50,3.5
599,52,3
599,57,2.5
599,60,2
599,61,2.5
599,65,2
599,69,2.5
599,70,3.5
599,73,3
599,75,1
599,76,2.5
599,79,2
599,81,2.5
599,87,0.5
599,88,0.5
599,89,2.5
599,93,1.5
599,95,2
599,97,3
599,100,2
599,101,2.5
599,104,2.5
599,110,3.5
599,111,3.5
599,112,5
600,1,2.5
600,2,4
600,4,1.5
600,5,2.5
600,7,3.5
600,17,3.5
600,19,3
600,24,2
600,29,4.5
600,32,4.5
600,34,2
600,39,3
600,46,3
600,47,4
600,52,3.5
600,62,2.5
600,72,1
600,73,3.5
600,101,4.5
600,104,3
600,110,2
601,1,4
601,47,4
601,50,5
602,2,4
602,6,3
602,10,3
602,11,3
602,14,5
602,16,3
602,19,2
602,21,4
602,22,3
602,25,4
602,29,2
602,32,3
602,34,1
602,36,3
602,39,5
602,45,5
602,47,5
602,50,5
602,52,3
602,95,3
602,100,3
602,110,5
603,1,4
603,6,4
603,16,4
603,17,3
603,21,5
603,25,4
603,28,5
603,29,2
603,30,4
603,32,3
603,34,4
603,36,4
603,39,5
603,45,4
603,52,1
603,53,5
603,57,2
603,58,3
603,62,1
603,70,4
603,77,4
603,82,1
603,85,5
603,97,4
603,99,5
603,101,4
603,105,1
603,108,4
603,110,1
603,111,5
603,112,4
604,1,3
604,2,5
604,5,3
604,6,3
604,14,4
604,17,4
604,19,1
604,22,3
604,23,4
604,25,3
604,32,4
604,34,4
604,39,3
604,60,4
604,62,4
604,76,4
604,92,3
604,95,4
604,104,3
604,105,2
604,110,3
604,111,4
604,112,4
605,1,4
605,2,3.5
605,28,4
605,73,3
605,110,3
606,1,2.5
606,7,2.5
606,11,2.5
606,15,3.5
606,17,4
606,18,4
606,19,2
606,28,3.5
606,29,4.5
606,32,4
606,36,3.5
606,46,4
606,47,3
606,50,4.5
606,58,3.5
606,68,4
606,70,4
606,73,4
606,80,4
606,82,4
606,92,3.5
606,105,3.5
606,110,3.5
606,111,3.5
607,1,4
607,11,3
607,25,3
607,34,3
607,36,4
607,86,4
607,110,5
607,112,2
608,1,2.5
608,2,2
608,3,2
608,10,4
608,16,4.5
608,19,2
608,21,3.5
608,24,2
608,31,3
608,32,3.5
608,34,3.5
608,39,3
608,44,0.5
608,47,4.5
608,48,0.5
608,50,4.5
608,63,0.5
608,65,2
608,70,3
608,88,2.5
608,93,2.5
608,95,2
608,104,3
608,107,3
608,110,4
608,111,3
609,1,3
609,10,4
609,110,3
610,1,5
610,6,5
610,16,4.5
610,32,4.5
610,47,5
610,50,4
610,70,4
610,95,3.5
610,110,4.5
610,111,5
610,112,4
,,4.25
